Tag,Count
discuss,1728
webdev,1006
beginners,841
programming,659
career,573
ai,510
javascript,509
watercooler,472
opensource,421
codenewbie,417
productivity,350
tutorial,290
learning,201
jokes,155
css,154
github,152
react,149
devchallenge,138
weeklyretro,136
community,128
meta,123
python,116
top7,111
news,106
machinelearning,97
devops,94
frontend,90
writing,89
welcome,85
typescript,81
coding,78
showdev,77
rust,76
git,71
html,69
podcast,68
ruby,63
chatgpt,62
development,60
hacktoberfest23,59
security,58
wecoded,58
aws,58
database,57
hacktoberfest,55
api,54
help,53
bestofdev,52
devrel,51
a11y,49
openai,48
cloud,48
music,48
softwaredevelopment,46
llm,45
performance,44
motivation,44
startup,42
node,42
gamedev,42
devdiscuss,42
go,41
design,41
interview,39
docker,37
linux,37
datascience,35
nextjs,33
womenintech,33
testing,32
softwareengineering,31
devjournal,31
architecture,31
devresolutions2024,31
devimpact2023,31
vscode,29
developer,29
anonymous,29
mentalhealth,27
java,27
socialmedia,27
kubernetes,26
frontendchallenge,25
tooling,25
angular,24
computerscience,24
serverless,23
contributorswanted,23
githubcopilot,22
developers,21
ux,21
sql,21
automation,20
web3,20
vue,20
leadership,20
management,20
android,19
php,19
cybersecurity,19
backend,19
blockchain,18
rails,18
postgres,17
genai,17
challenge,17
moderation,17
beginner,17
google,16
howtodevto,16
healthydebate,16
braziliandevs,16
dotnet,15
mobile,15
bash,15
documentation,14
mastodon,14
books,14
csharp,14
ui,13
100daysofoss,13
software,12
svelte,12
careerdevelopment,12
githubactions,12
codequality,12
mcp,11
terminal,11
tailwindcss,11
badges,11
gpt3,11
carreer,11
devto,10
devplusplus,10
googlecloud,10
langchain,10
networking,10
ios,10
kotlin,10
algorithms,10
tools,10
sideprojects,10
cloudflarechallenge,10
twitter,10
fediverse,9
rag,9
cli,9
dei,9
web,9
mentorship,9
burnout,9
saas,9
cpp,9
lgbtq,9
deepseek,8
mongodb,8
vim,8
vectordatabase,8
webcomponents,8
marketing,8
reactnative,8
hackathon,8
azure,8
raspberrypi,8
cozechallenge,8
changelog,8
hiring,8
stripe,8
agentaichallenge,7
browser,7
deeplearning,7
techtalks,7
githubchallenge,7
wordpress,7
nlp,7
microservices,7
webperf,7
solidjs,7
powerplatform,7
newyearchallenge,7
npm,7
cleancode,7
web5,7
generativeai,7
100daysofcode,7
flutter,7
workplace,7
fullstack,7
cicd,7
blacklivesmatter,7
explainlikeimfive,7
terraform,6
mysql,6
portfolio,6
data,6
heroku,6
seo,6
webassembly,6
wixstudiochallenge,6
astro,6
microsoft,6
todayilearned,6
yearinreview,6
neovim,6
jobs,6
product,6
stellarchallenge,6
django,6
agile,6
conference,6
elixir,6
inclusion,6
website,6
hack23maintainer,6
hack23contributor,6
gratitude,6
awschallenge,5
c,5
aiagent,5
growth,5
hacktoberfestchallenge,5
computervision,5
http,5
svg,5
halloween,5
assembly,5
nylaschallenge,5
reactivity,5
code,5
job,5
netlifychallenge,5
howto,5
authentication,5
backenddevelopment,5
tips,5
refactoring,5
business,5
swift,5
activitypub,5
devpride,5
weeklylearn,5
vibecoding,4
nuxt,4
forem,4
projectmanagement,4
kendoreactchallenge,4
alibabachallenge,4
twilio,4
json,4
agents,4
culture,4
history,4
cursor,4
redis,4
shell,4
devex,4
observability,4
ollama,4
playwright,4
perl,4
rant,4
future,4
iot,4
cloudnative,4
pgaichallenge,4
fastly,4
layoffs,4
fun,4
cschallenge,4
speaking,4
chrome,4
animation,4
arduino,4
gitlab,4
feedback,4
certification,4
cloudcomputing,4
unity3d,4
codereview,4
bunjs,4
blog,4
juneteenth,4
bluesky,4
linodehackathon,4
goose,3
gemini,3
integrations,3
dns,3
amazonivs,3
brightdatachallenge,3
pulumichallenge,3
gamechallenge,3
jobsearch,3
flask,3
ethics,3
blogging,3
engineering,3
permitchallenge,3
diversity,3
zerotrust,3
prisma,3
assemblyaichallenge,3
pinatachallenge,3
hacking,3
figma,3
devcyclechallenge,3
cloudflare,3
benchmark,3
opinion,3
powerautomate,3
freelance,3
dev,3
life,3
promptengineering,3
programmers,3
signals,3
twiliochallenge,3
senior,3
elasticsearch,3
advice,3
hardware,3
applicationsecurity,3
remotework,3
humor,3
monitoring,3
lowcode,3
education,3
story,3
laravel,3
jobhunt,3
amplify,3
iwd,3
functional,3
webdesign,3
pwa,3
extension,3
contentwriting,3
pullrequest,3
workstations,3
codepen,3
remote,3
tech,3
lambda,3
haskell,3
infosec,3
codingquokka,3
webscraping,3
conferences,3
sveltekit,3
containers,3
staff,3
scylladb,3
personal,3
htmx,3
designpatterns,3
godot,3
chatbot,3
codespaces,3
linode,3
emptystring,3
codeland,3
gamedevjs,2
futurechallenge,2
dataengineering,2
lifestyle,2
futureofwork,2
anthropic,2
nginx,2
langflow,2
surveys,2
review,2
googleworkspace,2
opentelemetry,2
meteor,2
otel,2
math,2
auth,2
rakulang,2
apigateway,2
stress,2
binarysearch,2
nix,2
devtools,2
images,2
sharepoint,2
editors,2
regex,2
3dprinting,2
frameworks,2
bitcoin,2
test,2
ethereum,2
art,2
fastforward,2
neonchallenge,2
crowdstrike,2
workfromhome,2
streaming,2
scss,2
network,2
smartcontract,2
todo,2
responsive,2
goals,2
selfcare,2
robotics,2
abstraction,2
applications,2
errors,2
headless,2
lisp,2
publicspeaking,2
windows,2
rxjs,2
webauthn,2
gpt4o,2
nocode,2
promotion,2
deno,2
lit,2
netlify,2
rescript,2
experience,2
extensions,2
retirement,2
communication,2
tshaped,2
errormanagement,2
sustainability,2
julialang,2
devin,2
godotengine,2
linkedin,2
learninpublic,2
thisweekinai,2
routing,2
pipeline,2
axum,2
vanilla,2
firebase,2
dotnetcore,2
abotwrotethis,2
scala,2
esproc,2
diy,2
hosting,2
analytics,2
supabase,2
search,2
unittest,2
cryptocurrency,2
grafana,2
buildinpublic,2
amazon,2
sre,2
applicationdevelopment,2
tensorflow,2
mentor,2
cto,2
retrospective,2
homeassistant,2
cron,2
w3c,2
gpt4,2
symfony,2
resume,2
localization,2
tdd,2
firstyearincode,2
maps,2
apple,2
systemdesign,2
scripting,2
script,2
decentralization,2
leetcode,2
responsiveness,2
closures,2
decentralized,2
expressots,2
config,2
vite,2
framework,2
devsecops,2
finance,2
oop,2
kafka,2
bug,2
gradle,2
distributedsystems,2
glitch,2
graphql,2
memgraph,2
followfriday,2
bdd,2
gsap,2
weekend,2
spotlight,2
atprotocol,2
openapi,2
atlashackathon22,2
faang,2
work,2
dart,2
markdown,2
announcements,2
redishackathon,2
compilers,2
newuser,2
pymongo,1
render,1
claudethinking,1
pubsub,1
langchain4j,1
agent,1
bigquery,1
copyright,1
agenticai,1
realtime,1
report,1
smartkeys,1
reactiveprogramming,1
schema,1
telerik,1
energy,1
googlecloudnext,1
honc,1
activism,1
downtime,1
derp,1
grammar,1
kendoreact,1
sponsored,1
claude37,1
ngrok,1
powerfuldevs,1
bundler,1
stringmanipulation,1
neurodiversity,1
claudesonnet,1
deepseekvsqwen,1
functioncalling,1
identity,1
science,1
webrtc,1
o11y,1
adot,1
amazonbedrock,1
drupal,1
llmstxt,1
riskmanagement,1
availability,1
chatgpt45,1
validation,1
opinions,1
coolstuff,1
projects,1
dify,1
batteriesincluded,1
worker,1
streamlit,1
ncurses,1
devdiaries,1
qwen,1
localllama,1
zapier,1
nvidia,1
rstats,1
adverts,1
3dmodel,1
resolution2025,1
monolith,1
placeholder,1
dry,1
techcommunity,1
tc39,1
cs,1
devimpact2024,1
adventofcode,1
wit,1
backendtips,1
xml,1
thebugpurge,1
postgressql,1
deepseekr1,1
obsidian,1
women,1
llamaindex,1
tool,1
refactorit,1
irishtechcommunity,1
shopify,1
fintech,1
s3,1
gophersafrica,1
indieweb,1
qdrant,1
beyondcoding,1
imadethis,1
mdl,1
webr,1
reactjsdevelopment,1
convex,1
agentai,1
unemployment,1
careergrowth,1
zig,1
defcon,1
utilities,1
diversityintech,1
obs,1
solidity,1
googlecalendarapi,1
handling,1
success,1
calendar,1
mergcal,1
fireos,1
founder,1
nuxthub,1
ubuntu,1
videoediting,1
content,1
devteam,1
comparison,1
sass,1
wix,1
devconference,1
googlemeetapi,1
maintainers,1
webmonetization,1
outage,1
virtualmachine,1
learninglisp,1
algolia,1
workersai,1
ical,1
courses,1
xrefs,1
arcjet,1
flyio,1
aiops,1
iap,1
appsec,1
transformer,1
amazonappstore,1
genkit,1
disinformation,1
patch,1
womenwhocode,1
portsandprotocols,1
reasoning,1
opensourcesecurity,1
indie,1
dataverse,1
batchprocessing,1
entrepreneurship,1
feeling,1
cache,1
webgamedevelopment,1
unicode,1
slime,1
mac,1
developerdilemma,1
couchbase,1
collaboration,1
innovation,1
googlecalendar,1
cpan,1
repository,1
preptember,1
livestream,1
wsl2,1
jpeg,1
bootstrap,1
devechallenge,1
research,1
osimodel,1
berlin,1
pm2,1
owasp,1
f,1
makefile,1
psychology,1
storytelling,1
ssl,1
investing,1
estimates,1
eventloop,1
impostorsyndrome,1
caching,1
birthday,1
slm,1
internet,1
financialindependence,1
make,1
homelab,1
internship,1
geneticalgorithms,1
chatgpt4o,1
germany,1
talkdai,1
devsecop,1
selfhosted,1
100daystooffload,1
try,1
generics,1
lazyvim,1
tanstackquery,1
veterans,1
gptmolde,1
plugin,1
cornucopia,1
fire,1
threat,1
microtasks,1
https,1
governance,1
deployment,1
hustling,1
perfectlycromulent,1
currying,1
chatgptbuilder,1
webmaster,1
similaritysearch,1
remotejobs,1
numpy,1
german,1
mentalmodels,1
spanish,1
french,1
wsl,1
piday,1
maintainer,1
riotjs,1
inspiration,1
mememonday,1
virtualcoffee,1
latest,1
developing,1
warp,1
long,1
resources,1
languagedev,1
marquee,1
memoization,1
firing,1
futureofopentech,1
portuguese,1
returntooffice,1
springboot,1
quantumcomputing,1
concept,1
maintainermonth,1
rfc,1
shakethingsup,1
bevy,1
funny,1
vulnerability,1
browserextension,1
cloudstorage,1
university,1
apps,1
adhd,1
eslint,1
androiddev,1
sharedmobility,1
india,1
figmatoreact,1
howtodev,1
team,1
medusa,1
devapp,1
cloudpractitioner,1
exploration,1
graphtraversal,1
ar,1
jamstack,1
nearestexit,1
solutionsarchitect,1
jest,1
bfs,1
fsharp,1
announcement,1
arialive,1
homesecurity,1
professional,1
awesome,1
cad,1
midjourney,1
blender,1
generators,1
s,1
hugo,1
ddd,1
exam,1
highnitin,1
universalapps,1
typeorm,1
videogame,1
replit,1
dms,1
expo,1
automated,1
cryptography,1
pokemon,1
dotnetframework,1
druby,1
guide,1
money,1
firefox,1
infrastructure,1
spring,1
cypress,1
mentoring,1
socialengineering,1
sad,1
swe,1
passkeys,1
jenkins,1
studying,1
games,1
spoolman,1
12in24,1
pseudomagicselector,1
hasanelsherbiny,1
invoices,1
metrics,1
sorting,1
apachefoundation,1
tauri,1
itpro,1
2023,1
devlog,1
tax,1
persistance,1
cryptanalysis,1
state,1
2024,1
battleshipsgame,1
smarthome,1
mtb,1
stockoptions,1
roundup,1
stencil,1
pwabuilder,1
legacy,1
clickhouse,1
china,1
twitterhack,1
firstgame,1
mixedreality,1
optimization,1
disasterrecovery,1
repair,1
gdg,1
bedrock,1
colors,1
login,1
object,1
fastapi,1
seniorsoftwareengineer,1
reinvent,1
pypi,1
craftmanship,1
monorepo,1
newbie,1
domain,1
tls,1
countryflags,1
lookingforwork,1
pyo3,1
clojure,1
reactcomponent,1
email,1
cdn,1
memes,1
gamecraft,1
descriptor,1
simplicity,1
complexity,1
devcontributors,1
random,1
express,1
question,1
secrets,1
pip,1
px,1
altctrl,1
metabase,1
compiler,1
apacheapisix,1
advanced,1
2024tech,1
ecoresponsability,1
maker,1
angularuniversal,1
codegeneration,1
poetry,1
celery,1
parody,1
dsa,1
monkeypatching,1
container,1
careeradvice,1
esp32,1
promises,1
instrumentation,1
modalcomponent,1
postman,1
roguelike,1
sdk,1
wishiknew,1
sorbet,1
tutorials,1
jetpackcompose,1
metaprogramming,1
aspectj,1
microsaas,1
phlex,1
usingasyncawaitinmap,1
icons,1
weather,1
pipenv,1
hobbies,1
singleton,1
programmanagement,1
asynchrousprogramming,1
streamprocessing,1
selfhost,1
loki,1
datavisualization,1
recruitment,1
architectural,1
font,1
patterns,1
macos,1
infrastructureascode,1
architecturalpatterns,1
customtags,1
referral,1
logs,1
sqlserver,1
principles,1
jupyter,1
hr,1
cooperative,1
mathematics,1
serpapi,1
series,1
workflowengine,1
color,1
operations,1
blazor,1
ffmpeg,1
internationalization,1
pitfall,1
company,1
restapi,1
musings,1
aem,1
bookclub,1
appwrite,1
timezone,1
donttrythisathome,1
computergraphics,1
pythn,1
component,1
debug,1
pygame,1
devhealth,1
webgl,1
example,1
authorization,1
gdscript,1
javascriptclosures,1
kubebuilder,1
sinatra,1
idp,1
aspnet,1
grpc,1
speaker,1
monad,1
hoc,1
gpt,1
nebulaonitheme,1
estimation,1
webserver,1
websocket,1
mindset,1
dynamodb,1
labels,1
backstage,1
maven,1
volunteer,1
magento2,1
r,1
nestjs,1
shadowdom,1
colortheme,1
instagram,1
process,1
philosophy,1
nes,1
6502,1
openstandards,1
refinehackathon,1
es2023,1
ci,1
webapp,1
llms,1
labor,1
os,1
refine,1
workspaces,1
antitutorial,1
growthmindset,1
wwdc2023,1
sarcasm,1
union,1
cobol,1
satisfaction,1
discusss,1
tokio,1
watercoolor,1
jquery,1
singledigit,1
ghpages,1
graphdatabase,1
branding,1
oas,1
teams,1
ict,1
jsdoc,1
dalle,1
informationsecurity,1
geek,1
githubhack23,1
reading,1
jira,1
codereviewvillains,1
teaching,1
lifi,1
ecosystems,1
events,1
gatsby,1
xamarinforms,1
bootcamp,1
sociotechnicalsystems,1
issues,1
weeklychallenge,1
literature,1
pnpm,1
lua,1
technicaldebt,1
notion,1
preview,1
marko,1
milestone,1
devmeme,1
yarn,1
whisper,1
cnweekly,1
image,1
zsh,1
impostersyndrome,1
techlayoffs,1
compliance,1
launch,1
versioncontrol,1
nosql,1
codedex,1
developertips,1
uiweekly,1
intermediate,1
sustainable,1
bluetooth,1
solid,1
influence,1
intellij,1
fast,1
ads,1
youtube,1
bmi,1
codesandbox,1
twitch,1
micropython,1
depressed,1
politics,1
climate,1
nsfw,1
uptime,1
remotelife,1
neuralnets,1
joke,1
kafkaconsume,1
preact,1
commonlisp,1
entrepreneur,1
layoff,1
movies,1
quantum,1
tfjs,1
digitalocean,1
debugging,1
latency,1
console,1
mobydick,1
crystal,1
funding,1
webstorm,1
privacy,1
learn,1
encryption,1
indiedev,1
bots,1
ssh,1
odinlang,1
travel,1
transaction,1
unix,1
autism,1
visualstudiocode,1
secretmanager,1
xtermjs,1
newsletter,1
frontenddev,1
techstack,1
nodej,1
documentatio,1
linq,1
empowerment,1
plt,1
rocket,1
dailyactivit,1
interviewexperience,1
trick,1
spam,1
awsdatabases,1
codecademy,1
emfcamp,1
payments,1
teamcity,1
talk,1
hardthings,1
yodacondition,1
llvm,1
fonts,1
cdk,1
systems,1
bigdata,1
codewithmoru,1
moose,1
tip,1
darkmode,1
oauth2,1
ifstatement,1
shutdowns,1
socialmodel,1
